nombre,categorias,etiquetas,precios,comentarios
Ex Necessitatibus Max,"['streaming', 'perifericos', 'video']","['1080p', 'usb', 'streamer']","[2446610, 2114420, 588724, 3802053]","['Entrega rápida y bien embalado', 'Excelente producto para el día a día', 'Muy útil y práctico']"
Vitae Officia Lite,"['tecnologia', 'audio', 'inalambrico']","['ergonomico', 'inalambrico', 'oficina']","[3260441, 646407]","['Ideal para estudiantes', 'Perfecto para oficina y hogar', 'Rinde bien en tareas exigentes']"
Eius Blanditiis Pro,"['tecnologia', 'computadores', 'gaming']","['wifi', 'economica', 'facil uso']","[1760179, 2811513, 2829635]","['Fácil de usar y configurar', 'Recomendado 100%', 'Rinde bien en tareas exigentes']"
Quae Harum Pro,"['almacenamiento', 'ssd', 'nvme']","['hdmi', 'curvo', 'ultrawide']","[2636967, 2679669, 3595567, 3771247]","['Excelente producto para el día a día', 'Ideal para estudiantes', 'Perfecto para oficina y hogar']"
Iure Dignissimos Pro,"['almacenamiento', 'ssd', 'nvme']","['wifi', 'economica', 'facil uso']","[2446101, 1290072, 2029169]","['Rinde bien en tareas exigentes', 'El diseño es moderno y atractivo', 'La calidad supera las expectativas']"
Facere Praesentium Lite,"['perifericos', 'oficina', 'ergonomia']","['doble banda', 'red', 'estable']","[2861296, 1069921, 2111106, 569556]","['Perfecto para oficina y hogar', 'Excelente producto para el día a día', 'Muy útil y práctico']"
Odio Nemo Pro,"['almacenamiento', 'ssd', 'nvme']","['gamer', 'switch rojo', 'compacto']","[3421946, 1450200]","['Recomendado 100%', 'Perfecto para oficina y hogar', 'Entrega rápida y bien embalado']"
Possimus Nobis Lite,"['streaming', 'perifericos', 'video']","['doble banda', 'red', 'estable']","[2842957, 325856]","['Recomendado 100%', 'El diseño es moderno y atractivo', 'Ideal para estudiantes']"
Fugiat Adipisci X,"['almacenamiento', 'ssd', 'nvme']","['rgb', 'ssd', '16gb']","[650257, 3047524, 2030809]","['Fácil de usar y configurar', 'El diseño es moderno y atractivo', 'Excelente producto para el día a día']"
Vero Explicabo Max,"['tecnologia', 'audio', 'inalambrico']","['nvme', 'rapido', 'eficiente']","[1623511, 3559141]","['Ideal para estudiantes', 'Muy útil y práctico', 'Recomendado 100%']"
Molestias Quidem Pro,"['monitores', 'gaming', 'hdmi']","['bluetooth', 'cancelacion de ruido', 'premium']","[2964128, 462335, 864259, 3958072]","['Ideal para estudiantes', 'Perfecto para oficina y hogar', 'Muy útil y práctico']"
Occaecati Minus Max,"['monitores', 'gaming', 'hdmi']","['ergonomico', 'inalambrico', 'oficina']","[3957050, 3975099]","['El diseño es moderno y atractivo', 'La calidad supera las expectativas', 'Perfecto para oficina y hogar']"
Cumque Dolorum Pro,"['almacenamiento', 'ssd', 'nvme']","['ergonomico', 'inalambrico', 'oficina']","[2746564, 880231]","['Entrega rápida y bien embalado', 'Ideal para estudiantes', 'El diseño es moderno y atractivo']"
Debitis Dolorum Lite,"['almacenamiento', 'ssd', 'nvme']","['doble banda', 'red', 'estable']","[3630500, 332124, 2559778]","['La calidad supera las expectativas', 'Recomendado 100%', 'Muy útil y práctico']"
Maxime Voluptatem Max,"['monitores', 'gaming', 'hdmi']","['rgb', 'ssd', '16gb']","[2949128, 3119042, 3890975, 2707866]","['Fácil de usar y configurar', 'Perfecto para oficina y hogar', 'Muy útil y práctico']"
Exercitationem Ipsa X,"['perifericos', 'oficina', 'ergonomia']","['rgb', 'ssd', '16gb']","[2084536, 2768919, 2807880, 2570462]","['Muy útil y práctico', 'Ideal para estudiantes', 'Fácil de usar y configurar']"
Iure Iste Pro,"['perifericos', 'oficina', 'ergonomia']","['bluetooth', 'cancelacion de ruido', 'premium']","[2824804, 2835611]","['Entrega rápida y bien embalado', 'La calidad supera las expectativas', 'Rinde bien en tareas exigentes']"
Voluptatum Pariatur Max,"['streaming', 'perifericos', 'video']","['hdmi', 'curvo', 'ultrawide']","[2915925, 2902601, 3222014, 3544873]","['Recomendado 100%', 'Ideal para estudiantes', 'Rinde bien en tareas exigentes']"
Dolorum Molestias Max,"['movilidad', 'tablets', 'android']","['bluetooth', 'cancelacion de ruido', 'premium']","[293353, 725603, 3091499]","['Muy útil y práctico', 'Excelente producto para el día a día', 'Recomendado 100%']"
Distinctio Inventore X,"['streaming', 'perifericos', 'video']","['hdmi', 'curvo', 'ultrawide']","[580022, 3601757, 3965486]","['Recomendado 100%', 'Excelente producto para el día a día', 'El diseño es moderno y atractivo']"
Eaque Deserunt X,"['tecnologia', 'audio', 'inalambrico']","['pantalla grande', 'liviana', 'android']","[3136785, 942393, 482630]","['Recomendado 100%', 'Entrega rápida y bien embalado', 'El diseño es moderno y atractivo']"
Minus Optio Lite,"['tecnologia', 'audio', 'inalambrico']","['bluetooth', 'cancelacion de ruido', 'premium']","[1079761, 1284694, 3742226, 3567307]","['Fácil de usar y configurar', 'Entrega rápida y bien embalado', 'Ideal para estudiantes']"
Commodi Ut Plus,"['movilidad', 'tablets', 'android']","['wifi', 'economica', 'facil uso']","[1822845, 2144530, 2545674, 638294]","['Excelente producto para el día a día', 'Recomendado 100%', 'La calidad supera las expectativas']"
Ipsum Id Lite,"['tecnologia', 'computadores', 'gaming']","['wifi', 'economica', 'facil uso']","[3609476, 833923]","['Ideal para estudiantes', 'Fácil de usar y configurar', 'La calidad supera las expectativas']"
Eos Iste Pro,"['tecnologia', 'audio', 'inalambrico']","['ergonomico', 'inalambrico', 'oficina']","[2263771, 673628]","['Ideal para estudiantes', 'Excelente producto para el día a día', 'Rinde bien en tareas exigentes']"
Sequi Reprehenderit X,"['almacenamiento', 'ssd', 'nvme']","['wifi', 'economica', 'facil uso']","[1604334, 3871814, 2860916]","['Fácil de usar y configurar', 'Recomendado 100%', 'Entrega rápida y bien embalado']"
Numquam Earum Plus,"['tecnologia', 'audio', 'inalambrico']","['doble banda', 'red', 'estable']","[973027, 2559436, 1837479, 1497986]","['Rinde bien en tareas exigentes', 'Fácil de usar y configurar', 'Perfecto para oficina y hogar']"
Deserunt Veniam Max,"['monitores', 'gaming', 'hdmi']","['1080p', 'usb', 'streamer']","[2854633, 3935193, 2490495]","['Ideal para estudiantes', 'Perfecto para oficina y hogar', 'La calidad supera las expectativas']"
Distinctio Vitae X,"['streaming', 'perifericos', 'video']","['doble banda', 'red', 'estable']","[2635324, 3786230, 1845490]","['El diseño es moderno y atractivo', 'Entrega rápida y bien embalado', 'Ideal para estudiantes']"
Illum Praesentium Max,"['monitores', 'gaming', 'hdmi']","['wifi', 'economica', 'facil uso']","[1378260, 274699]","['Ideal para estudiantes', 'La calidad supera las expectativas', 'Recomendado 100%']"
Vel Blanditiis Max,"['tecnologia', 'computadores', 'gaming']","['hdmi', 'curvo', 'ultrawide']","[993728, 2759561, 3261935]","['El diseño es moderno y atractivo', 'Perfecto para oficina y hogar', 'Fácil de usar y configurar']"
Molestiae Mollitia Lite,"['hogar', 'impresoras', 'wifi']","['nvme', 'rapido', 'eficiente']","[1326684, 3314435, 2606559]","['Ideal para estudiantes', 'Recomendado 100%', 'Perfecto para oficina y hogar']"
Nulla Sunt Plus,"['monitores', 'gaming', 'hdmi']","['rgb', 'ssd', '16gb']","[1345530, 1889474]","['Fácil de usar y configurar', 'Muy útil y práctico', 'Recomendado 100%']"
Corrupti Quasi Pro,"['almacenamiento', 'ssd', 'nvme']","['ergonomico', 'inalambrico', 'oficina']","[1221249, 2977875, 3033394, 878823]","['El diseño es moderno y atractivo', 'Ideal para estudiantes', 'Muy útil y práctico']"
Tenetur In Lite,"['tecnologia', 'audio', 'inalambrico']","['hdmi', 'curvo', 'ultrawide']","[1205707, 3586821]","['Entrega rápida y bien embalado', 'Recomendado 100%', 'Excelente producto para el día a día']"
Commodi Commodi X,"['perifericos', 'oficina', 'ergonomia']","['bluetooth', 'cancelacion de ruido', 'premium']","[1957465, 1071112, 2759122, 1536977]","['Excelente producto para el día a día', 'Perfecto para oficina y hogar', 'Rinde bien en tareas exigentes']"
Aliquam Reiciendis Max,"['almacenamiento', 'ssd', 'nvme']","['1080p', 'usb', 'streamer']","[2123557, 216647]","['Muy útil y práctico', 'Excelente producto para el día a día', 'Ideal para estudiantes']"
Nulla Ipsum Pro,"['almacenamiento', 'ssd', 'nvme']","['gamer', 'switch rojo', 'compacto']","[3311559, 3203346, 955847, 253318]","['Excelente producto para el día a día', 'Recomendado 100%', 'Perfecto para oficina y hogar']"
Iure Sunt Pro,"['tecnologia', 'audio', 'inalambrico']","['nvme', 'rapido', 'eficiente']","[3445003, 1738290]","['Fácil de usar y configurar', 'Muy útil y práctico', 'Entrega rápida y bien embalado']"
Maxime Sed Plus,"['hogar', 'impresoras', 'wifi']","['wifi', 'economica', 'facil uso']","[803171, 3866481, 2147220, 975279]","['El diseño es moderno y atractivo', 'Fácil de usar y configurar', 'Entrega rápida y bien embalado']"
Placeat At Pro,"['movilidad', 'tablets', 'android']","['ergonomico', 'inalambrico', 'oficina']","[3837600, 852736, 644325, 2398614]","['Rinde bien en tareas exigentes', 'Muy útil y práctico', 'Perfecto para oficina y hogar']"
Iusto Pariatur Plus,"['streaming', 'perifericos', 'video']","['ergonomico', 'inalambrico', 'oficina']","[1695514, 1322138, 3936989, 290844]","['Perfecto para oficina y hogar', 'Muy útil y práctico', 'Rinde bien en tareas exigentes']"
Et Ab Pro,"['tecnologia', 'audio', 'inalambrico']","['wifi', 'economica', 'facil uso']","[3619930, 3798124, 497249]","['Fácil de usar y configurar', 'Muy útil y práctico', 'Perfecto para oficina y hogar']"
Nostrum Accusamus Max,"['perifericos', 'oficina', 'ergonomia']","['hdmi', 'curvo', 'ultrawide']","[3156625, 2073861]","['Recomendado 100%', 'Ideal para estudiantes', 'Rinde bien en tareas exigentes']"
Exercitationem Eius Lite,"['monitores', 'gaming', 'hdmi']","['gamer', 'switch rojo', 'compacto']","[1273519, 1596496]","['Fácil de usar y configurar', 'Excelente producto para el día a día', 'La calidad supera las expectativas']"
Laudantium Asperiores Pro,"['monitores', 'gaming', 'hdmi']","['ergonomico', 'inalambrico', 'oficina']","[1013615, 2297046, 485066]","['La calidad supera las expectativas', 'Entrega rápida y bien embalado', 'Fácil de usar y configurar']"
Nesciunt Consequatur Plus,"['streaming', 'perifericos', 'video']","['1080p', 'usb', 'streamer']","[336169, 1318552]","['El diseño es moderno y atractivo', 'Rinde bien en tareas exigentes', 'Ideal para estudiantes']"
Qui Nihil Max,"['tecnologia', 'audio', 'inalambrico']","['wifi', 'economica', 'facil uso']","[1149487, 2590622, 2508306, 1095504]","['Muy útil y práctico', 'Recomendado 100%', 'La calidad supera las expectativas']"
Fugiat Veritatis Pro,"['movilidad', 'tablets', 'android']","['wifi', 'economica', 'facil uso']","[957008, 387818, 1753654, 3016242]","['Rinde bien en tareas exigentes', 'Entrega rápida y bien embalado', 'Recomendado 100%']"
In Maxime Plus,"['monitores', 'gaming', 'hdmi']","['wifi', 'economica', 'facil uso']","[2783938, 943663, 3374966]","['La calidad supera las expectativas', 'Fácil de usar y configurar', 'Recomendado 100%']"
Laboriosam Quo Lite,"['tecnologia', 'computadores', 'gaming']","['nvme', 'rapido', 'eficiente']","[3714719, 307132, 3683399]","['La calidad supera las expectativas', 'Fácil de usar y configurar', 'Recomendado 100%']"
Eius Accusamus Max,"['almacenamiento', 'ssd', 'nvme']","['rgb', 'ssd', '16gb']","[1838973, 2617996]","['Recomendado 100%', 'Perfecto para oficina y hogar', 'Fácil de usar y configurar']"
Perferendis Occaecati Lite,"['monitores', 'gaming', 'hdmi']","['wifi', 'economica', 'facil uso']","[791703, 3432538]","['Excelente producto para el día a día', 'Ideal para estudiantes', 'Perfecto para oficina y hogar']"
Labore Doloremque Plus,"['monitores', 'gaming', 'hdmi']","['doble banda', 'red', 'estable']","[1316960, 2983700, 3120967, 2856340]","['Ideal para estudiantes', 'Recomendado 100%', 'Rinde bien en tareas exigentes']"
Explicabo Consequatur X,"['almacenamiento', 'ssd', 'nvme']","['hdmi', 'curvo', 'ultrawide']","[3466211, 1780431, 1303926]","['Recomendado 100%', 'Ideal para estudiantes', 'Rinde bien en tareas exigentes']"
Iure Ut Max,"['monitores', 'gaming', 'hdmi']","['doble banda', 'red', 'estable']","[2035537, 3663864, 2048808]","['Muy útil y práctico', 'Rinde bien en tareas exigentes', 'Ideal para estudiantes']"
Rerum Debitis Lite,"['perifericos', 'oficina', 'ergonomia']","['wifi', 'economica', 'facil uso']","[2490678, 2479868, 709634, 3223091]","['Rinde bien en tareas exigentes', 'El diseño es moderno y atractivo', 'Perfecto para oficina y hogar']"
Assumenda Nam X,"['streaming', 'perifericos', 'video']","['bluetooth', 'cancelacion de ruido', 'premium']","[3000396, 201621, 3638679]","['Muy útil y práctico', 'Recomendado 100%', 'Perfecto para oficina y hogar']"
Deserunt Quod X,"['hogar', 'impresoras', 'wifi']","['gamer', 'switch rojo', 'compacto']","[3056533, 3359512, 2286635, 676966]","['Recomendado 100%', 'Muy útil y práctico', 'Perfecto para oficina y hogar']"
Nisi Vero Max,"['tecnologia', 'computadores', 'gaming']","['wifi', 'economica', 'facil uso']","[1769321, 469205, 3236799, 795596]","['Rinde bien en tareas exigentes', 'Excelente producto para el día a día', 'Entrega rápida y bien embalado']"
Dignissimos Facilis Plus,"['almacenamiento', 'ssd', 'nvme']","['1080p', 'usb', 'streamer']","[1484172, 2018725, 3594252]","['Entrega rápida y bien embalado', 'El diseño es moderno y atractivo', 'Muy útil y práctico']"
Minus Dolores Pro,"['almacenamiento', 'ssd', 'nvme']","['ergonomico', 'inalambrico', 'oficina']","[3021595, 1444074, 3915475, 2517768]","['El diseño es moderno y atractivo', 'Recomendado 100%', 'Muy útil y práctico']"
Hic Suscipit Max,"['tecnologia', 'computadores', 'gaming']","['pantalla grande', 'liviana', 'android']","[1061347, 3954089, 2967499, 495980]","['Perfecto para oficina y hogar', 'Ideal para estudiantes', 'Entrega rápida y bien embalado']"
Deleniti Quibusdam Lite,"['tecnologia', 'computadores', 'gaming']","['ergonomico', 'inalambrico', 'oficina']","[884839, 1497889, 537596]","['Excelente producto para el día a día', 'Ideal para estudiantes', 'Entrega rápida y bien embalado']"
Voluptatum Aliquid Plus,"['hogar', 'impresoras', 'wifi']","['gamer', 'switch rojo', 'compacto']","[2907058, 609031]","['El diseño es moderno y atractivo', 'Excelente producto para el día a día', 'Fácil de usar y configurar']"
Totam Saepe Lite,"['almacenamiento', 'ssd', 'nvme']","['hdmi', 'curvo', 'ultrawide']","[1018254, 2798034, 3226052]","['Fácil de usar y configurar', 'Recomendado 100%', 'Excelente producto para el día a día']"
Voluptas Odio Pro,"['movilidad', 'tablets', 'android']","['doble banda', 'red', 'estable']","[2204964, 2250464, 2021135]","['Muy útil y práctico', 'Excelente producto para el día a día', 'La calidad supera las expectativas']"
Laboriosam Excepturi Lite,"['monitores', 'gaming', 'hdmi']","['gamer', 'switch rojo', 'compacto']","[1956927, 1108244, 344049, 3228829]","['Fácil de usar y configurar', 'La calidad supera las expectativas', 'Recomendado 100%']"
Corporis Non Max,"['perifericos', 'oficina', 'ergonomia']","['1080p', 'usb', 'streamer']","[1485850, 965719, 3284960]","['Perfecto para oficina y hogar', 'El diseño es moderno y atractivo', 'La calidad supera las expectativas']"
Reprehenderit Iste Lite,"['tecnologia', 'audio', 'inalambrico']","['nvme', 'rapido', 'eficiente']","[2135029, 3354736]","['Perfecto para oficina y hogar', 'Ideal para estudiantes', 'La calidad supera las expectativas']"
Quam Quibusdam Pro,"['monitores', 'gaming', 'hdmi']","['doble banda', 'red', 'estable']","[3777755, 899004, 947502]","['Perfecto para oficina y hogar', 'Ideal para estudiantes', 'Excelente producto para el día a día']"
A Dolor Pro,"['tecnologia', 'computadores', 'gaming']","['ergonomico', 'inalambrico', 'oficina']","[2513565, 2021830, 772703]","['Rinde bien en tareas exigentes', 'La calidad supera las expectativas', 'Perfecto para oficina y hogar']"
Rem Magni Lite,"['almacenamiento', 'ssd', 'nvme']","['wifi', 'economica', 'facil uso']","[3350100, 2584286, 1474634]","['Fácil de usar y configurar', 'El diseño es moderno y atractivo', 'Muy útil y práctico']"
Doloremque Id X,"['tecnologia', 'audio', 'inalambrico']","['ergonomico', 'inalambrico', 'oficina']","[3294319, 1985594]","['Rinde bien en tareas exigentes', 'Excelente producto para el día a día', 'Entrega rápida y bien embalado']"
Earum Sequi Pro,"['almacenamiento', 'ssd', 'nvme']","['gamer', 'switch rojo', 'compacto']","[3813856, 3607659, 2199803, 2817057]","['Fácil de usar y configurar', 'Muy útil y práctico', 'Perfecto para oficina y hogar']"
Quod Doloremque Max,"['movilidad', 'tablets', 'android']","['pantalla grande', 'liviana', 'android']","[263961, 2733256]","['Muy útil y práctico', 'Ideal para estudiantes', 'Recomendado 100%']"
Aut Omnis Plus,"['monitores', 'gaming', 'hdmi']","['hdmi', 'curvo', 'ultrawide']","[492912, 3787259]","['Entrega rápida y bien embalado', 'La calidad supera las expectativas', 'Rinde bien en tareas exigentes']"
Tenetur Deserunt Lite,"['hogar', 'impresoras', 'wifi']","['gamer', 'switch rojo', 'compacto']","[897227, 951642, 3228347]","['Excelente producto para el día a día', 'El diseño es moderno y atractivo', 'Rinde bien en tareas exigentes']"
Nemo Consequuntur X,"['tecnologia', 'audio', 'inalambrico']","['nvme', 'rapido', 'eficiente']","[1787302, 2689840, 2796979]","['Ideal para estudiantes', 'El diseño es moderno y atractivo', 'Recomendado 100%']"
Tempora Expedita Max,"['movilidad', 'tablets', 'android']","['1080p', 'usb', 'streamer']","[2957578, 1625792, 2335473, 1945254]","['El diseño es moderno y atractivo', 'Rinde bien en tareas exigentes', 'Entrega rápida y bien embalado']"
Error Fugiat Max,"['streaming', 'perifericos', 'video']","['doble banda', 'red', 'estable']","[312965, 3721792, 2512638, 3171925]","['Fácil de usar y configurar', 'Perfecto para oficina y hogar', 'La calidad supera las expectativas']"
Molestiae Ducimus X,"['tecnologia', 'computadores', 'gaming']","['nvme', 'rapido', 'eficiente']","[1432178, 201582, 2500380, 2767616]","['Perfecto para oficina y hogar', 'Muy útil y práctico', 'Excelente producto para el día a día']"
Quaerat Non Plus,"['monitores', 'gaming', 'hdmi']","['gamer', 'switch rojo', 'compacto']","[660678, 1095523]","['Perfecto para oficina y hogar', 'Entrega rápida y bien embalado', 'Muy útil y práctico']"
Laboriosam Suscipit Pro,"['tecnologia', 'computadores', 'gaming']","['1080p', 'usb', 'streamer']","[2080575, 3507788]","['La calidad supera las expectativas', 'Ideal para estudiantes', 'Excelente producto para el día a día']"
Autem Deserunt Max,"['tecnologia', 'audio', 'inalambrico']","['hdmi', 'curvo', 'ultrawide']","[1281763, 1639582, 1387264]","['Excelente producto para el día a día', 'El diseño es moderno y atractivo', 'Fácil de usar y configurar']"
Corrupti Ducimus Pro,"['tecnologia', 'computadores', 'gaming']","['pantalla grande', 'liviana', 'android']","[2983335, 3664382, 2987156, 2042625]","['Entrega rápida y bien embalado', 'La calidad supera las expectativas', 'Recomendado 100%']"
Deleniti Distinctio Pro,"['perifericos', 'oficina', 'ergonomia']","['bluetooth', 'cancelacion de ruido', 'premium']","[3570539, 1770078, 2475940, 366413]","['Recomendado 100%', 'El diseño es moderno y atractivo', 'Excelente producto para el día a día']"
Deserunt Odio Plus,"['monitores', 'gaming', 'hdmi']","['wifi', 'economica', 'facil uso']","[3074761, 3615843, 1004699]","['Muy útil y práctico', 'Fácil de usar y configurar', 'Perfecto para oficina y hogar']"
Distinctio Voluptatem Pro,"['movilidad', 'tablets', 'android']","['doble banda', 'red', 'estable']","[1882195, 3242401, 2013825, 880972]","['Entrega rápida y bien embalado', 'Fácil de usar y configurar', 'Rinde bien en tareas exigentes']"
Fugiat Ipsa Plus,"['almacenamiento', 'ssd', 'nvme']","['gamer', 'switch rojo', 'compacto']","[1318646, 2376087, 3561568, 2421449]","['La calidad supera las expectativas', 'El diseño es moderno y atractivo', 'Excelente producto para el día a día']"
Beatae Libero Plus,"['perifericos', 'oficina', 'ergonomia']","['pantalla grande', 'liviana', 'android']","[3543744, 1691175, 2137206, 3103378]","['Ideal para estudiantes', 'Rinde bien en tareas exigentes', 'El diseño es moderno y atractivo']"
Inventore Excepturi Pro,"['perifericos', 'oficina', 'ergonomia']","['bluetooth', 'cancelacion de ruido', 'premium']","[1375245, 1536694, 469144]","['El diseño es moderno y atractivo', 'Recomendado 100%', 'Excelente producto para el día a día']"
Distinctio Optio Pro,"['perifericos', 'oficina', 'ergonomia']","['pantalla grande', 'liviana', 'android']","[644342, 1983304, 1592318]","['Fácil de usar y configurar', 'Muy útil y práctico', 'Entrega rápida y bien embalado']"
Eligendi Numquam Plus,"['perifericos', 'oficina', 'ergonomia']","['pantalla grande', 'liviana', 'android']","[3566617, 466339]","['El diseño es moderno y atractivo', 'Muy útil y práctico', 'La calidad supera las expectativas']"
Iure Possimus Pro,"['perifericos', 'oficina', 'ergonomia']","['pantalla grande', 'liviana', 'android']","[1488917, 821619]","['El diseño es moderno y atractivo', 'Fácil de usar y configurar', 'Entrega rápida y bien embalado']"
Blanditiis Optio Plus,"['tecnologia', 'audio', 'inalambrico']","['doble banda', 'red', 'estable']","[232375, 2201783, 1090570, 1366979]","['Muy útil y práctico', 'La calidad supera las expectativas', 'Entrega rápida y bien embalado']"
Quasi Laudantium Lite,"['almacenamiento', 'ssd', 'nvme']","['nvme', 'rapido', 'eficiente']","[2050227, 2364854, 267812, 3351449]","['Ideal para estudiantes', 'Fácil de usar y configurar', 'Muy útil y práctico']"
Nulla Architecto Lite,"['perifericos', 'oficina', 'ergonomia']","['hdmi', 'curvo', 'ultrawide']","[859983, 2264011]","['Entrega rápida y bien embalado', 'Ideal para estudiantes', 'Excelente producto para el día a día']"
Quidem Aut Pro,"['movilidad', 'tablets', 'android']","['ergonomico', 'inalambrico', 'oficina']","[2666870, 2340561, 745506, 1507994]","['Perfecto para oficina y hogar', 'La calidad supera las expectativas', 'Fácil de usar y configurar']"
Deserunt Libero Pro,"['movilidad', 'tablets', 'android']","['wifi', 'economica', 'facil uso']","[2098213, 447237, 510674, 1957354]","['Ideal para estudiantes', 'Fácil de usar y configurar', 'Recomendado 100%']"